"NtsbNo","EventType","Mkey","EventDate","City","State","Country","ReportNo","N#","SerialNumber","HasSafetyRec","Mode","ReportType","OriginalPublishedDate","DocketOriginalPublishedDate","HighestInjuryLevel","FatalInjuryCount","SeriousInjuryCount","MinorInjuryCount","OnboardInjuryCount","OnGroundInjuryCount","ProbableCause","Findings","EventID","Latitude","Longitude ","Make","Model","AirCraftCategory","AirportID","AirportName","AmateurBuilt","NumberOfEngines","EngineType","Scheduled","PurposeOfFlight","FAR","AirCraftDamage","WeatherCondition","Operator","ReportStatus","RepGenFlag","MostRecentReportType","DocketUrl","ReportUrl"
"CEN25LA370","ACC","200958","2025-09-07T18:04:00Z","Benton","Kansas","United States",,"N75675","75-5163","false","Aviation","DirectorBrief","2026-01-09T05:00:00Z","2026-01-09T19:00:00Z","None","0","0","0","0",,"The pilot's failure to maintain clearance from a moving vehicle during an evasive maneuver from a perceived conflict with another airplane. Contributing to the accident was the pilot of the other airplane’s non-standard phraseology and inaccurate position report.","Aircraft - Aircraft oper/perf/capability - Performance/control parameters - Descent/approach/glide path - Not attained/maintained, Environmental issues - Physical environment - Object/animal/substance - Ground vehicle - Effect on operation, Personnel issues - Action/decision - (general) - (general) - Pilot of other aircraft, Personnel issues - Action/decision - Info processing/decision - (general) - Pilot",,"37.781168000000001","-97.114165999999997","BOEING","E75","AIR","1K1","LLOYD STEARMAN FLD","false","1","REC",,"PERS","091","Substantial","VMC",,"Completed",,"Final","https://data.ntsb.gov/Docket?ProjectID=200958","https://data.ntsb.gov/carol-repgen/api/Aviation/ReportMain/GenerateNewestReport/200958/pdf"
"CEN25LA354","ACC","200916","2025-08-30T03:10:00Z","Baldwin City","Kansas","United States",,"N89585","15282796","false","Aviation","DirectorBrief","2025-11-14T05:00:00Z","2025-11-14T18:00:00Z","None","0","0","0","0",,"The pilot’s decision to continue the night landing without runway lights which resulted in the runway overrun.","Environmental issues - Conditions/weather/phenomena - Light condition - Dark - Decision related to condition, Environmental issues - Operating environment - Airport facilities/design - Runway lighting - Decision related to condition, Personnel issues - Action/decision - Info processing/decision - Decision making/judgment - Pilot, Aircraft - Aircraft oper/perf/capability - Performance/control parameters - Descent/approach/glide path - Not attained/maintained",,"38.835788000000001","-95.181775999999999","CESSNA","152","AIR","K64","VINLAND VALLEY AERODROME","false","1","REC",,"PERS","091","Substantial","VMC","VINLAND FLIGHT SCHOOL LLC","Completed",,"Final","https://data.ntsb.gov/Docket?ProjectID=200916","https://data.ntsb.gov/carol-repgen/api/Aviation/ReportMain/GenerateNewestReport/200916/pdf"
"CEN25FA339","ACC","200848","2025-08-24T20:26:00Z","Concordia","Kansas","United States",,"N2757A","0494491","false","Aviation","",,,"Fatal","1","0","0","1","0",,,,"39.550083000000001","-97.646394000000001","RANS","S-12 Airaile","AIR","CNK","Blosser Municipal Airport","false","1",,,"PERS","091","Substantial","VMC",,"In work",,"Prelim","","https://data.ntsb.gov/carol-repgen/api/Aviation/ReportMain/GenerateNewestReport/200848/pdf"
"CEN25LA314","ACC","200748","2025-08-10T15:30:00Z","Goodland","Kansas","United States",,"N502WF","502B-2646","false","Aviation","DirectorBrief","2025-10-23T04:00:00Z","2025-10-23T17:00:00Z","None","0","0","0","0","0","The pilot’s failure to maintain aircraft control during the landing and go-around with variable wind direction and speed.","Environmental issues - Conditions/weather/phenomena - Wind - Variable wind - Contributed to outcome, Personnel issues - Task performance - Use of equip/info - Aircraft control - Pilot",,"39.370741000000002","-101.69873","AIR TRACTOR INC","AT-502B","AIR","GLD","RENNER FLD/GOODLAND MUNI","false","1","TP",,,"137","Substantial","VMC","Midwest Custom Ag Aviation, Inc","Completed",,"Final","https://data.ntsb.gov/Docket?ProjectID=200748","https://data.ntsb.gov/carol-repgen/api/Aviation/ReportMain/GenerateNewestReport/200748/pdf"
"CEN25LA230","ACC","200447","2025-06-28T14:07:00Z","Wichita","Kansas","United States",,"N1591V","17263685","false","Aviation","DirectorBrief","2025-09-05T04:00:00Z","2025-09-05T18:00:00Z","None","0","0","0","0","0","The student pilot’s failure to maintain directional control during the takeoff that resulted in a runway excursion.","Personnel issues - Task performance - Use of equip/info - Aircraft control - Student/instructed pilot, Aircraft - Aircraft oper/perf/capability - Performance/control parameters - Directional control - Not attained/maintained",,"37.660884000000003","-97.417997999999997","CESSNA","172","AIR","ICT","WICHITA DWIGHT D EISENHOWER NTL","false","1","REC",,"INST","091","Substantial","VMC","AVIATION ACADEMY LLC","Completed",,"Final","https://data.ntsb.gov/Docket?ProjectID=200447","https://data.ntsb.gov/carol-repgen/api/Aviation/ReportMain/GenerateNewestReport/200447/pdf"
"CEN25LA208","ACC","200338","2025-06-16T14:15:00Z","New Century","Kansas","United States",,"N1UC","LW-140","false","Aviation","",,,"Minor","0","0","2","2","0",,,,"38.839910000000003","-94.889088000000001","BEECH","E-90","AIR","IXD",,"false","2",,,"INST","091","Substantial","VMC","L and P Air LLC","In work",,"Prelim","","https://data.ntsb.gov/carol-repgen/api/Aviation/ReportMain/GenerateNewestReport/200338/pdf"
"CEN25FA166","ACC","200099","2025-05-04T14:25:00Z","Wilson","Kansas","United States",,"N98416","18604","false","Aviation","",,,"Fatal","1","0","0","1","0",,,,"38.827337999999997","-98.425813000000005","PIPER","J3C-65","AIR",,,"false","1",,,"PERS","091","Destroyed","VMC",,"In work",,"Prelim","","https://data.ntsb.gov/carol-repgen/api/Aviation/ReportMain/GenerateNewestReport/200099/pdf"
"CEN25LA133","ACC","199904","2025-03-20T13:40:00Z","Liberal","Kansas","United States",,"N38871","28R-7703281","false","Aviation","DirectorBrief","2025-07-17T04:00:00Z","2025-07-17T17:00:00Z","None","0","0","0","0","0","The pilot’s failure to extend the landing gear before landing due to distraction and his failure to conduct the prelanding checklist.","Personnel issues - Psychological - Attention/monitoring - Attention - Pilot, Personnel issues - Task performance - Use of equip/info - Use of checklist - Pilot, Aircraft - Aircraft systems - Landing gear system - Gear extension and retract sys - Not used/operated, Personnel issues - Psychological - Attention/monitoring - Monitoring other aircraft - Pilot, Personnel issues - Task performance - Use of equip/info - Use of checklist - Pilot, Aircraft - Aircraft systems - Landing gear system - Gear extension and retract sys - Not used/operated",,"37.043920999999997","-100.95996","PIPER","PA-28R-201T","AIR","LBL","Liberal Mid America Regional","false","1","REC",,"PERS","091","Substantial","VMC","ARROW BLUE N38871 LLC","Completed",,"Final","https://data.ntsb.gov/Docket?ProjectID=199904","https://data.ntsb.gov/carol-repgen/api/Aviation/ReportMain/GenerateNewestReport/199904/pdf"
"CEN25LA101","ACC","199749","2025-02-20T13:30:00Z","Farlinville","Kansas","United States",,"N30413","17701240","false","Aviation","DirectorBrief","2025-05-09T04:00:00Z","2025-05-09T18:00:00Z","None","0","0","0","0","0","A loss of engine power that resulted from fuel contamination when it was treated with a 70% isopropyl alcohol solution (antiseptic) that contained water. Contributing to the accident were vague fuel treatment instructions provided by the operator.","Aircraft - Aircraft systems - Fuel system - (general) - Incorrect service/maintenance, Organizational issues - Support/oversight/monitoring - Documentation/record keeping - Operation records - Operator, Personnel issues - Task performance - Use of equip/info - Use of policy/procedure - Pilot, Aircraft - Fluids/misc hardware - Fluids - Fuel - Fluid condition",,"38.253473","-94.790030000000002","CESSNA","177A","AIR",,,"false","1","REC",,"AOBV","091","Substantial","VMC","EAGLE SKY PATROL INC","Completed",,"Final","https://data.ntsb.gov/Docket?ProjectID=199749","https://data.ntsb.gov/carol-repgen/api/Aviation/ReportMain/GenerateNewestReport/199749/pdf"
"CEN25LA064","ACC","199479","2024-12-28T15:25:00Z","Parsons","Kansas","United States",,"N719LB","1","false","Aviation","DirectorBrief","2025-04-22T04:00:00Z","2025-04-22T18:00:00Z","Serious","0","1","0","1","0","The pilot’s failure to maintain clearance from power lines while on final approach to land.","Personnel issues - Psychological - Attention/monitoring - Monitoring environment - Pilot, Aircraft - Aircraft oper/perf/capability - Performance/control parameters - Descent/approach/glide path - Not attained/maintained, Environmental issues - Physical environment - Object/animal/substance - Wire - Awareness of condition",,"37.298299999999998","-95.263109999999998","Cozy","Cub","AIR","39KS","Papas Dream Airport","true","1","REC",,"PERS","091","Substantial","VMC",,"Completed",,"Final","https://data.ntsb.gov/Docket?ProjectID=199479","https://data.ntsb.gov/carol-repgen/api/Aviation/ReportMain/GenerateNewestReport/199479/pdf"
"CEN25LA028","ACC","195379","2024-10-26T15:40:00Z","Rose Hill","Kansas","United States",,"N8883X","18266014","false","Aviation","",,,"Fatal","1","0","0","1",,,,,"37.565389000000003","-97.174610999999999","CESSNA","182Q","AIR","K50","Rose Hill Cook Field","false","1",,,"SKYD","091","None","VMC",,"In work",,"Prelim","","https://data.ntsb.gov/carol-repgen/api/Aviation/ReportMain/GenerateNewestReport/195379/pdf"
"CEN25LA010","ACC","195290","2024-10-09T18:34:00Z","Augusta","Kansas","United States",,"N601KM","MEISTE-1","false","Aviation","DirectorBrief","2025-01-21T05:00:00Z","2025-01-21T18:00:00Z","None","0","0","0","0","0","The pilot’s failure to maintain directional control during the landing roll.","Aircraft - Aircraft oper/perf/capability - Performance/control parameters - Directional control - Not attained/maintained, Personnel issues - Action/decision - Action - Incorrect action performance - Pilot, Environmental issues - Physical environment - Object/animal/substance - Fence/fence post - Contributed to outcome, Personnel issues - Task performance - Use of equip/info - Aircraft control - Pilot",,"37.720502000000003","-97.047177000000005","ZODIAC","601","AIR","SN20","Brady-Pippin Airport","true","1","REC",,"PERS","091","Substantial","VMC",,"Completed",,"Final","https://data.ntsb.gov/Docket?ProjectID=195290","https://data.ntsb.gov/carol-repgen/api/Aviation/ReportMain/GenerateNewestReport/195290/pdf"
"CEN24LA331","ACC","195041","2024-09-01T17:20:00Z","Kingman","Kansas","United States",,"N133LB","930202","false","Aviation","DirectorBrief","2024-10-22T04:00:00Z","2024-10-22T17:00:00Z","None","0","0","0","0","0","The pilot’s loss of control on short final.","Personnel issues - Task performance - Use of equip/info - Aircraft control - Pilot",,"37.669015999999999","-98.123891999999998","LET","L 33 SOLO","GLI","N/A","N/A","false","0",,,"PERS","091","Substantial","VMC",,"Completed",,"Final","https://data.ntsb.gov/Docket?ProjectID=195041","https://data.ntsb.gov/carol-repgen/api/Aviation/ReportMain/GenerateNewestReport/195041/pdf"
"CEN24LA335","ACC","195045","2024-08-31T12:30:00Z","Lawrence","Kansas","United States",,"N29411","17700871","false","Aviation","DirectorBrief","2025-01-10T05:00:00Z","2025-01-10T18:00:00Z","None","0","0","0","0","0","The pilot’s failure to maintain directional control during takeoff.","Personnel issues - Task performance - Use of equip/info - Aircraft control - Pilot, Aircraft - Aircraft oper/perf/capability - Performance/control parameters - Directional control - Not attained/maintained",,"39.011110000000002","-95.216471999999996","CESSNA","177","AIR","LWC","Lawrence Regional Airport","false",,"REC",,"PERS","091","Substantial","VMC",,"Completed",,"Final","https://data.ntsb.gov/Docket?ProjectID=195045","https://data.ntsb.gov/carol-repgen/api/Aviation/ReportMain/GenerateNewestReport/195045/pdf"
"CEN24LA262","ACC","194688","2024-07-12T14:21:00Z","Hackney","Kansas","United States",,"N1078P","S60111-068","false","Aviation","DirectorBrief","2024-08-30T04:00:00Z","2024-08-30T17:00:00Z","None","0","0","0","0","0","The pilot’s failure to maintain directional control during the landing roll in a gusting wind condition.","Aircraft - Aircraft oper/perf/capability - Performance/control parameters - Crosswind correction - Not attained/maintained, Personnel issues - Task performance - Use of equip/info - Aircraft control - Pilot, Environmental issues - Conditions/weather/phenomena - Wind - Gusts - Effect on operation",,"37.172389000000003","-97.034052000000003","SKYSTAR","KITFOX","AIR","WLD","Strother Field Airport","true","1","REC",,"PERS","091","Substantial","VMC",,"Completed",,"Final","https://data.ntsb.gov/Docket?ProjectID=194688","https://data.ntsb.gov/carol-repgen/api/Aviation/ReportMain/GenerateNewestReport/194688/pdf"
"CEN24FA248","ACC","194615","2024-07-05T08:01:00Z","Andale","Kansas","United States",,"N51017","F883417","false","Aviation","",,,"Fatal","1","0","0","1",,,,,"37.785110000000003","-97.638388000000006","FABER VINCENT L","SCORPION 133","HELI",,,"true","1",,,"PERS","091","Destroyed","VMC",,"In work",,"Prelim","","https://data.ntsb.gov/carol-repgen/api/Aviation/ReportMain/GenerateNewestReport/194615/pdf"
"CEN24FA243","ACC","194576","2024-06-30T17:52:00Z","Selden","Kansas","United States",,"N14137","4223","false","Aviation","",,,"Fatal","2","0","0","2",,,,,"39.494388999999998","-100.46117","WACO","YKC","AIR",,,"false","1",,,"PERS","091","Destroyed","IMC",,"In work",,"Prelim","","https://data.ntsb.gov/carol-repgen/api/Aviation/ReportMain/GenerateNewestReport/194576/pdf"
"CEN24LA238","ACC","194533","2024-06-23T09:45:00Z","Fort Leavenworth","Kansas","United States",,"N74CF","18502557","false","Aviation","DirectorBrief","2024-08-30T04:00:00Z","2024-08-30T17:00:00Z","None","0","0","0","0","0","The pilot’s failure to maintain directional control after landing.","Personnel issues - Task performance - Use of equip/info - Use of equip/system - Pilot, Aircraft - Aircraft oper/perf/capability - Performance/control parameters - Directional control - Not attained/maintained",,"39.3675","-94.914299999999997","CESSNA","A185F","AIR","FLV","Sherman Field","false","1","REC","NSCH","PERS","091","Substantial","VMC","WINCAR AIR LLC","Completed",,"Final","https://data.ntsb.gov/Docket?ProjectID=194533","https://data.ntsb.gov/carol-repgen/api/Aviation/ReportMain/GenerateNewestReport/194533/pdf"
"CEN24LA193","ACC","194284","2024-05-18T20:15:00Z","Covert","Kansas","United States",,"N15189","502-0155","false","Aviation","",,,"None","0","0","0","0",,,,,"39.234419000000003","-98.701145999999994","AIR TRACTOR INC","AT-502","AIR",,,"false","1",,,"AAPL","137","Substantial","VMC","TRI ROTOR SPRAY & CHEMICAL","In work",,"Prelim","","https://data.ntsb.gov/carol-repgen/api/Aviation/ReportMain/GenerateNewestReport/194284/pdf"
"CEN24LA196","ACC","194298","2024-05-11T13:45:00Z","New Century","Kansas","United States",,"N3574C, N234X","28-8016200, 75-260","false","Aviation","DirectorBrief","2024-10-22T04:00:00Z","2024-10-22T18:00:00Z","None","0","0","0","0","0","The inability of the Boeing 75 pilot to anticipate that the Piper would stop earlier on the taxiway which resulted in the on-ground collision.","Personnel issues - Psychological - Attention/monitoring - Monitoring other aircraft - Pilot of other aircraft",,"38.819415999999997","-94.892538000000002","PIPER, BOEING","PA28, 75","AIR, AIR","IXD","New Century Air Center","false, false","1, 1","REC, REC","NSCH","INST, OWRK","091, 091","Substantial, Substantial","VMC",,"Completed",,"Final","https://data.ntsb.gov/Docket?ProjectID=194298","https://data.ntsb.gov/carol-repgen/api/Aviation/ReportMain/GenerateNewestReport/194298/pdf"
"CEN24LA166","ACC","194151","2024-04-24T16:45:00Z","Emporia","Kansas","United States",,"N16148","11051714","false","Aviation","DirectorBrief","2024-07-18T04:00:00Z","2024-07-18T17:00:00Z","None","0","0","0","0","0","The pilot’s failure to maintain control during the landing flare.","Personnel issues - Task performance - Use of equip/info - Aircraft control - Pilot, Aircraft - Aircraft oper/perf/capability - Performance/control parameters - (general) - Not attained/maintained",,"38.332675000000002","-96.191215999999997","RANS","S-6ES","AIR","EMP","Emporia","true","1","REC","NSCH","PERS","091","Substantial","VMC",,"Completed",,"Final","https://data.ntsb.gov/Docket?ProjectID=194151","https://data.ntsb.gov/carol-repgen/api/Aviation/ReportMain/GenerateNewestReport/194151/pdf"
"CEN24LA143","ACC","194011","2024-03-29T12:20:00Z","Moran","Kansas","United States",,"N910GX","54131","false","Aviation","DirectorBrief","2024-07-18T04:00:00Z","2024-07-18T17:00:00Z","None","0","0","0","0","0","An in-flight collision with birds while in cruise flight.","Environmental issues - Physical environment - Object/animal/substance - Animal(s)/bird(s) - Ability to respond/compensate, Environmental issues - Physical environment - Object/animal/substance - Animal(s)/bird(s) - Effect on equipment",,"37.850000000000001","-95.216667000000001","BELL HELICOPTER TEXTRON CANADA","407","HELI","CNU",,"false","1","TS","NSCH","OWRK","135","Substantial","VMC","MED TRANS CORP","Completed",,"Final","https://data.ntsb.gov/Docket?ProjectID=194011","https://data.ntsb.gov/carol-repgen/api/Aviation/ReportMain/GenerateNewestReport/194011/pdf"
"CEN24LA060","ACC","193514","2023-12-11T20:30:00Z","Anthony","Kansas","United States",,"N8729P","24-4179","false","Aviation","DirectorBrief","2025-10-22T04:00:00Z","2025-10-22T17:00:00Z","Serious","0","1","0","1","0","A failure of the airplane’s alternator, which resulted in a loss of electrical power, and the pilot’s failure to use the emergency gear extension procedure during the initial landing approach, which led to a gear-up landing.","Aircraft - Aircraft systems - Landing gear system - Gear extension and retract sys - Incorrect use/operation, Personnel issues - Task performance - Use of equip/info - Use of equip/system - Pilot, Personnel issues - Action/decision - Action - Lack of action - Pilot, Aircraft - Aircraft systems - Electrical power system - Alternator-generator drive sys - Failure",,"37.159899000000003","-98.079526000000001","PIPER","PA-24-260","AIR","ANY","ANTHONY MUNI","false","1","REC",,"PERS","091","Substantial","VMC",,"Completed",,"Final","https://data.ntsb.gov/Docket?ProjectID=193514","https://data.ntsb.gov/carol-repgen/api/Aviation/ReportMain/GenerateNewestReport/193514/pdf"
"CEN24LA022","ACC","193294","2023-10-21T19:35:00Z","Iola","Kansas","United States",,"N5324F","28-7790088","false","Aviation","DirectorBrief","2024-02-29T05:00:00Z","2024-02-29T18:00:00Z","Minor","0","0","1","1","0","The pilot’s inadequate fuel planning, which resulted in a total loss of engine power due to fuel exhaustion.","Personnel issues - Task performance - Planning/preparation - Fuel planning - Pilot, Personnel issues - Action/decision - Info processing/decision - Decision making/judgment - Pilot, Aircraft - Fluids/misc hardware - Fluids - Fuel - Fluid level, Environmental issues - Physical environment - Terrain - Rough terrain - Contributed to outcome",,"37.873610999999997","-95.353333000000006","PIPER","PA-28-181","AIR",,,"false","1","REC","NSCH","PERS","091","Substantial","VMC","Toby Baker","Completed",,"Final","https://data.ntsb.gov/Docket?ProjectID=193294","https://data.ntsb.gov/carol-repgen/api/Aviation/ReportMain/GenerateNewestReport/193294/pdf"
"CEN24LA031","ACC","193345","2023-10-21T08:28:00Z","Manhattan","Kansas","United States",,"N52631","A181PEG","false","Aviation","DirectorBrief","2024-05-30T04:00:00Z","2024-05-30T17:00:00Z","Serious","0","2","0","2","0","The pilot’s improper modification of the engine cooling system that resulted in an engine overheat and total loss of power. Contributing to the accident was the pilot’s decision to continue the flight after the engine overheat light illuminated instead of performing a precautionary landing.","Personnel issues - Action/decision - Info processing/decision - Decision making/judgment - Pilot, Aircraft - Aircraft power plant - Engine (reciprocating) - Recip eng liquid cooling - Incorrect use/operation, Personnel issues - Action/decision - Action - Unnecessary action - Pilot, Aircraft - Aircraft power plant - Engine (reciprocating) - (general) - Failure",,"39.246181","-96.594065000000001","POWRACHUTE","PEGASUS","PPAR",,,"false","1","REC",,"PERS","091","Substantial","VMC",,"Completed",,"Final","https://data.ntsb.gov/Docket?ProjectID=193345","https://data.ntsb.gov/carol-repgen/api/Aviation/ReportMain/GenerateNewestReport/193345/pdf"
"CEN24LA019","ACC","193286","2023-10-20T18:55:00Z","Wichita","Kansas","United States",,"N1413Y","17249113","false","Aviation","DirectorBrief","2024-04-12T04:00:00Z","2024-04-12T17:00:00Z","None","0","0","0","0",,"The pilot’s inadequate preflight inspection and fuel planning and improper in-flight decision-making, which resulted in a total loss of engine power due to fuel exhaustion.","Personnel issues - Action/decision - Info processing/decision - Decision making/judgment - Pilot, Personnel issues - Task performance - Planning/preparation - Fuel planning - Pilot, Aircraft - Fluids/misc hardware - Fluids - Fuel - Fluid management, Personnel issues - Task performance - Inspection - Preflight inspection - Pilot",,"37.676924","-97.393675999999999","CESSNA","172C","AIR","ICT","Dwight D Eisenhower","false","1","REC",,"PERS","091","Substantial","VMC",,"Completed",,"Final","https://data.ntsb.gov/Docket?ProjectID=193286","https://data.ntsb.gov/carol-repgen/api/Aviation/ReportMain/GenerateNewestReport/193286/pdf"
"CEN24LA002","ACC","193175","2023-10-01T13:02:00Z","Olathe","Kansas","United States",,"N357HT","18267806","false","Aviation","DirectorBrief","2025-02-05T05:00:00Z","2025-02-05T18:00:00Z","None","0","0","0","0","0","The pilot’s mismanagement of the available fuel which resulted in a total loss of engine power due to fuel starvation.","Personnel issues - Task performance - Inspection - Preflight inspection - Pilot, Environmental issues - Physical environment - Terrain - (general) - Effect on equipment, Aircraft - Fluids/misc hardware - Fluids - Fuel - Fluid management",,"38.840000000000003","-94.730000000000004","CESSNA","182R","AIR","OJC","Johnson County Executive","false","1","REC","NSCH","PERS","091","Substantial","VMC","MULLENAX RICHARD D","Completed",,"Final","https://data.ntsb.gov/Docket?ProjectID=193175","https://data.ntsb.gov/carol-repgen/api/Aviation/ReportMain/GenerateNewestReport/193175/pdf"
"CEN23LA425","ACC","193176","2023-09-28T11:30:00Z","Herington","Kansas","United States",,"N445HA","802-0633","false","Aviation","DirectorBrief","2024-11-07T05:00:00Z","2024-11-07T19:00:00Z","None","0","0","0","0","0","The design of the spray valve control lever, which restricted the range of the left rear rudder and brake pedal and resulted in a loss of control during landing.","Aircraft - Aircraft systems - Flight control system - Rudder control system - Design, Aircraft - Aircraft oper/perf/capability - Performance/control parameters - Directional control - Attain/maintain not possible",,"38.691477999999996","-96.806933000000001","AIR TRACTOR INC","AT-802","AIR","HRU","HERINGTON RGNL","false","1","TP",,"INST","091","Substantial","VMC",,"Completed",,"Final","https://data.ntsb.gov/Docket?ProjectID=193176","https://data.ntsb.gov/carol-repgen/api/Aviation/ReportMain/GenerateNewestReport/193176/pdf"
"CEN23LA388","ACC","192968","2023-08-30T13:14:00Z","Wichita","Kansas","United States",,"N9663X","21057963","false","Aviation","DirectorBrief","2025-09-17T04:00:00Z","2025-09-17T17:00:00Z","Minor","0","0","3","3",,"Loss of engine power for reasons that could not be determined.","Environmental issues - Physical environment - Terrain - Rough terrain - Contributed to outcome, Aircraft - Aircraft power plant - (general) - (general) - Unknown/Not determined",,"37.649951999999999","-97.433042999999998","CESSNA","210B","AIR","ICT","WICHITA DWIGHT D EISENHOWER NTL","false","1","REC",,"INST","091","Substantial","VMC","SKYNAVY AVIATION LLC","Completed",,"Final","https://data.ntsb.gov/Docket?ProjectID=192968","https://data.ntsb.gov/carol-repgen/api/Aviation/ReportMain/GenerateNewestReport/192968/pdf"
"CEN23LA366","ACC","192892","2023-08-11T09:00:00Z","Derby","Kansas","United States",,"N6205E","46305","false","Aviation","DirectorBrief","2023-11-09T05:00:00Z","2023-11-09T18:00:00Z","None","0","0","0","0","0","The pilot’s loss of directional control during takeoff roll due the passenger’s interference with the rudder pedals, which resulted in a runway excursion.","Personnel issues - Task performance - Use of equip/info - Aircraft control - Pilot",,"37.565389000000003","-97.174610999999999","CESSNA","172","AIR","K50","Cook Airfield","false","1","REC",,"PERS","091","Substantial","VMC",,"Completed",,"Final","https://data.ntsb.gov/Docket?ProjectID=192892","https://data.ntsb.gov/carol-repgen/api/Aviation/ReportMain/GenerateNewestReport/192892/pdf"
"CEN23LA321","ACC","192703","2023-07-21T11:30:00Z","Plains","Kansas","United States",,"N602AA","602-1194","false","Aviation","DirectorBrief","2023-11-09T05:00:00Z","2023-11-09T18:00:00Z","None","0","0","0","0","0","The pilot’s failure to maintain control during takeoff from a water-contaminated runway.","Aircraft - Aircraft oper/perf/capability - Performance/control parameters - Directional control - Not attained/maintained, Environmental issues - Physical environment - Runway/land/takeoff/taxi surface - Wet surface - Effect on equipment, Personnel issues - Task performance - Use of equip/info - Aircraft control - Pilot",,"37.266947999999999","-100.58374000000001","AIR TRACTOR INC","AT-602","AIR","00","Private Airstrip","false","1","TP",,"PERS","091","Substantial","VMC","DICKSON SHANNON","Completed",,"Final","https://data.ntsb.gov/Docket?ProjectID=192703","https://data.ntsb.gov/carol-repgen/api/Aviation/ReportMain/GenerateNewestReport/192703/pdf"
"CEN23LA344","ACC","192781","2023-07-20T12:36:00Z","Oberlin","Kansas","United States",,"N36900","E-1739","false","Aviation","DirectorBrief","2024-05-14T04:00:00Z","2024-05-09T17:00:00Z","Minor","0","0","1","1","0","The blockage of the left fuel tank vent, which resulted in a total loss of engine power due to fuel starvation. Contributing to the accident of the pilot’s failure to use his checklist to address the loss of engine power.","Aircraft - Aircraft systems - Fuel system - (general) - Malfunction, Personnel issues - Task performance - Use of equip/info - Use of checklist - Pilot",,"39.671297000000003","-100.64721","BEECH","A36","AIR","OIN",,"false","1","REC","NSCH","PERS","091","Substantial","VMC",,"Completed",,"Final","https://data.ntsb.gov/Docket?ProjectID=192781","https://data.ntsb.gov/carol-repgen/api/Aviation/ReportMain/GenerateNewestReport/192781/pdf"
"CEN23LA313","ACC","192661","2023-07-19T06:15:00Z","Gardner","Kansas","United States",,"N34KP","6","false","Aviation","DirectorBrief","2024-10-23T04:00:00Z","2024-10-23T18:00:00Z","Minor","0","0","1","1",,"A loss of engine power due to lead fouling of a spark plug.","Aircraft - Aircraft power plant - Ignition system - Spark plugs/igniters - Failure",,"38.797980000000003","-94.941199999999995","PIETENPOL","AIRCAMPER","AIR","K34","Gardner Municipal Airport","true","1","REC",,"PERS","091","Substantial","VMC",,"Completed",,"Final","https://data.ntsb.gov/Docket?ProjectID=192661","https://data.ntsb.gov/carol-repgen/api/Aviation/ReportMain/GenerateNewestReport/192661/pdf"
"CEN23LA308","ACC","192632","2023-07-13T16:15:00Z","Atchison","Kansas","United States",,"N533DR","490533D","false","Aviation","DirectorBrief","2023-09-28T04:00:00Z","2023-09-28T17:00:00Z","None","0","0","0","0",,"The pilot’s failure to adequately survey a field for obstructions prior to a low-level aerial application pass, which resulted in an impact with a powerline.","Environmental issues - Physical environment - Object/animal/substance - Wire - Effect on operation, Personnel issues - Action/decision - Info processing/decision - Identification/recognition - Pilot",,"39.635629999999999","-95.096776000000006","HUGHES","369D","HELI",,,"false","1","TS",,"AAPL","137","Substantial","VMC","Heinen Bros Ag","Completed",,"Final","https://data.ntsb.gov/Docket?ProjectID=192632","https://data.ntsb.gov/carol-repgen/api/Aviation/ReportMain/GenerateNewestReport/192632/pdf"
"CEN23LA279","ACC","192545","2023-07-05T16:41:00Z","Chapman","Kansas","United States",,"N67FA","5168","false","Aviation","DirectorBrief","2023-09-08T04:00:00Z","2023-09-08T17:00:00Z","None","0","0","0","0","0","The pilot’s failure to maintain clearance from the power line during an agricultural application pass.","Personnel issues - Action/decision - Info processing/decision - Identification/recognition - Pilot, Environmental issues - Physical environment - Object/animal/substance - Wire - Contributed to outcome, Aircraft - Aircraft oper/perf/capability - Performance/control parameters - Altitude - Not attained/maintained",,"38.997799999999998","-97.017499999999998","BELL","206B","HELI","PVT","Smokey Valley Ag","false","1","TS","NSCH","AAPL","137","Substantial","VMC","SF LEASING LLC","Completed",,"Final","https://data.ntsb.gov/Docket?ProjectID=192545","https://data.ntsb.gov/carol-repgen/api/Aviation/ReportMain/GenerateNewestReport/192545/pdf"
"CEN23LA264","ACC","192456","2023-06-24T11:30:00Z","Scott City","Kansas","United States",,"N9721Q","MB-493","false","Aviation","DirectorBrief","2023-10-05T04:00:00Z","2023-10-05T17:00:00Z","None","0","0","0","0",,"A partial loss of engine power as a result of carburetor icing that formed while the engine was operating at a low power setting for an extended period before departure.","Environmental issues - Conditions/weather/phenomena - Temp/humidity/pressure - Conducive to carburetor icing - Effect on equipment, Aircraft - Aircraft systems - Ice/rain protection system - Intake anti-ice, deice - Not used/operated",,"38.484405000000002","-100.88589","BEECH","B19","AIR","TQK","SCOTT CITY MUNI","false","1","REC",,"PERS","091","Substantial","VMC",,"Completed",,"Final","https://data.ntsb.gov/Docket?ProjectID=192456","https://data.ntsb.gov/carol-repgen/api/Aviation/ReportMain/GenerateNewestReport/192456/pdf"
"CEN23LA237","ACC","192358","2023-06-11T14:06:00Z","Pratt","Kansas","United States",,"N85RB","831","false","Aviation","DirectorBrief","2023-07-27T04:00:00Z","2023-07-27T17:00:00Z","Minor","0","0","2","2","0","Fuel exhaustion due to the pilot’s inadequate preflight planning.","Aircraft - Fluids/misc hardware - Fluids - Fuel - Fluid management, Personnel issues - Task performance - Planning/preparation - Fuel planning - Pilot",,"37.621943999999999","-98.834277999999998","BELL","206B","HELI","PTT","Pratt Regional","false","1","TS","NSCH","AOBV","091","Substantial","VMC",,"Completed",,"Final","https://data.ntsb.gov/Docket?ProjectID=192358","https://data.ntsb.gov/carol-repgen/api/Aviation/ReportMain/GenerateNewestReport/192358/pdf"
"CEN23LA222","ACC","192302","2023-06-03T18:00:00Z","Garden Plain","Kansas","United States",,"N1PW","1004","false","Aviation","DirectorBrief","2023-10-05T04:00:00Z","2023-10-05T17:00:00Z","None","0","0","0","0",,"The pilot’s inability to maintain directional control during landing roll due to a flat tire.","Aircraft - Aircraft systems - Landing gear system - Tube - Failure, Personnel issues - Task performance - Use of equip/info - Aircraft control - Pilot",,"37.660969999999999","-97.629210999999998","PITTS","S-2S","AIR","SN61","Yoder Airpark","false","1","REC",,"PERS","091","Substantial","VMC","WELKIN AERO INC","Completed",,"Final","https://data.ntsb.gov/Docket?ProjectID=192302","https://data.ntsb.gov/carol-repgen/api/Aviation/ReportMain/GenerateNewestReport/192302/pdf"
"CEN23LA303","ACC","192622","2023-05-27T12:00:00Z","Ulysses","Kansas","United States",,"N4182G","G6-155","false","Aviation","DirectorBrief","2023-09-28T04:00:00Z","2023-09-28T17:00:00Z","None","0","0","0","0","0","The pilot’s failure to maintain clearance from a cable during spray operations.","Personnel issues - Psychological - Attention/monitoring - Monitoring environment - Pilot, Aircraft - Aircraft oper/perf/capability - Performance/control parameters - Altitude - Not attained/maintained, Environmental issues - Physical environment - Object/animal/substance - Wire - Awareness of condition",,"37.603999999999999","-101.37354999999999","AYRES CORPORATION","S2R-G6","AIR","ULS","Ulysses Airport","false","1","TP",,"AAPL","137","Substantial","VMC",,"Completed",,"Final","https://data.ntsb.gov/Docket?ProjectID=192622","https://data.ntsb.gov/carol-repgen/api/Aviation/ReportMain/GenerateNewestReport/192622/pdf"
"CEN23LA198","ACC","192227","2023-05-23T13:45:00Z","Wichita","Kansas","United States",,"N49RH","172S12932","false","Aviation","DirectorBrief","2023-08-10T04:00:00Z","2023-08-10T17:00:00Z","None","0","0","0","0",,"The pilot’s failure to maintain a safe taxi distance from a turbine-powered airplane, resulting in an encounter of the turbine-powered airplane’s jet blast while taxiing.","Personnel issues - Action/decision - Action - Incorrect action performance - Pilot, Aircraft - Aircraft handling/service - Towing and taxiing - Taxiing - Incorrect use/operation, Personnel issues - Task performance - Use of equip/info - Aircraft control - Pilot, Personnel issues - Task performance - Communication (personnel) - Accuracy of communication - Pilot, Personnel issues - Task performance - Communication (personnel) - Interpretation/understanding - Pilot",,"37.755963000000001","-97.221402999999995","TEXTRON AVIATION INC","172S","AIR","KAAO","Col. James Jabara","false","1","REC",,"INST","091","Substantial","VMC","Wichita State University Campus of Applied Sciences and Technology","Completed",,"Final","https://data.ntsb.gov/Docket?ProjectID=192227","https://data.ntsb.gov/carol-repgen/api/Aviation/ReportMain/GenerateNewestReport/192227/pdf"
"CEN23LA184","ACC","174534","2023-05-13T15:42:00Z","Gardner","Kansas","United States",,"N8932L","0318630","false","Aviation","DirectorBrief","2023-07-27T04:00:00Z","2023-07-27T17:00:00Z","Serious","0","1","1","2","0","The pilot’s exceedance of the airplane’s critical angle of attack during the takeoff, which resulted in an aerodynamic stall and loss of airplane control at too low of an altitude to recover.","Personnel issues - Task performance - Use of equip/info - Aircraft control - Pilot, Aircraft - Aircraft oper/perf/capability - Performance/control parameters - Airspeed - Not attained/maintained, Aircraft - Aircraft oper/perf/capability - Performance/control parameters - Angle of attack - Not attained/maintained, Personnel issues - Psychological - Attention/monitoring - Task monitoring/vigilance - Pilot",,"38.810442000000002","-94.953917000000004","RANS","S7","AIR","K34","GARDNER MUNI","true","1","REC",,"PERS","091","Substantial","VMC",,"Completed",,"Final","https://data.ntsb.gov/Docket?ProjectID=174534","https://data.ntsb.gov/carol-repgen/api/Aviation/ReportMain/GenerateNewestReport/174534/pdf"
"CEN23LA169","ACC","107810","2023-05-02T20:13:00Z","Udall","Kansas","United States",,"N750TK","75-7953","false","Aviation","DirectorBrief","2024-05-14T04:00:00Z","2024-05-09T17:00:00Z","None","0","0","0","0","0","The pilot’s failure to maintain clearance from power lines. Contributing to the accident was the reported loss of engine power for reasons that could not be determined.","Personnel issues - Psychological - Attention/monitoring - (general) - Pilot, Environmental issues - Physical environment - Object/animal/substance - Wire - Response/compensation, Aircraft - Aircraft power plant - Engine (reciprocating) - (general) - Unknown/Not determined",,"37.415179000000002","-97.132199999999997","ZENITH","STOL CH750","AIR","K50","COOK AIRFIELD","true","1","REC",,"PERS","091","Substantial","VMC",,"Completed",,"Final","https://data.ntsb.gov/Docket?ProjectID=107810","https://data.ntsb.gov/carol-repgen/api/Aviation/ReportMain/GenerateNewestReport/107810/pdf"
"CEN23LA149","ACC","107037","2023-04-07T16:48:00Z","Gardner","Kansas","United States",,"N982NC","18267655","false","Aviation","DirectorBrief","2025-02-20T05:00:00Z","2025-02-20T19:00:00Z","None","0","0","0","0",,"A total loss of engine power due to failure of the No. 6 connecting rod as a result of detonation.","Aircraft - Aircraft power plant - Engine (reciprocating) - Recip engine power section - Failure, Not determined - Not determined - (general) - (general) - Unknown/Not determined",,"38.806848000000002","-94.956749000000002","CESSNA","182Q","AIR",,,"false","1","REC",,"PERS","091","Substantial","VMC","IAL CORP","Completed",,"Final","https://data.ntsb.gov/Docket?ProjectID=107037","https://data.ntsb.gov/carol-repgen/api/Aviation/ReportMain/GenerateNewestReport/107037/pdf"
"WPR23LA072","ACC","106480","2022-12-13T20:00:00Z","Liberal","Kansas","United States",,"N253SB","4410258","false","Aviation","DirectorBrief","2023-03-02T05:00:00Z","2023-03-02T19:00:00Z","None","0","0","0","0",,"The pilot’s inadequate preflight inspection, failure to set the parking brake, and his decision to exit the airplane with engines running to remove a wheel chock, resulting in the airplane’s unintended movement and subsequent collision with a hangar.","Personnel issues - Action/decision - Action - Incorrect action sequence - Pilot, Personnel issues - Task performance - Inspection - Preflight inspection - Pilot, Aircraft - Aircraft power plant - Engine controls - (general) - Incorrect use/operation, Personnel issues - Action/decision - Info processing/decision - Decision making/judgment - Pilot",,"37.039999999999999","-100.95999999999999","CESSNA","441","AIR","KLBL","Liberal Mid-America Regional","false","2","TP",,"POSI","091","Substantial","VMC","Lyddon Aero Center, Inc.","Completed",,"Final","https://data.ntsb.gov/Docket?ProjectID=106480","https://data.ntsb.gov/carol-repgen/api/Aviation/ReportMain/GenerateNewestReport/106480/pdf"
"CEN23LA035","ACC","106281","2022-11-12T18:26:00Z","Olathe","Kansas","United States",,"N5258Y","172S9141","false","Aviation","DirectorBrief","2023-04-20T04:00:00Z","2023-04-20T17:00:00Z","None","0","0","0","0",,"The inflight collision with multiple geese during initial climb.","Environmental issues - Physical environment - Object/animal/substance - Animal(s)/bird(s) - Effect on equipment",,"38.847700000000003","-94.737700000000004","CESSNA","172","AIR","OJC","Johnson County Executive Airport","false","1","REC",,"INST","091","Substantial","VMC","T&C Aviation Enterprises Inc","Completed",,"Final","https://data.ntsb.gov/Docket?ProjectID=106281","https://data.ntsb.gov/carol-repgen/api/Aviation/ReportMain/GenerateNewestReport/106281/pdf"
"CEN23LA029","ACC","106263","2022-11-02T16:15:00Z","Topeka","Kansas","United States",,"N190Y","23085C","false","Aviation","DirectorBrief","2023-01-25T05:00:00Z","2023-01-20T05:00:00Z","None","0","0","0","0",,"The pilot’s failure to maintain airplane control during landing with strong gusty surface winds.","Environmental issues - Conditions/weather/phenomena - Wind - Gusts - Contributed to outcome, Personnel issues - Action/decision - Info processing/decision - Decision making/judgment - Pilot, Aircraft - Aircraft oper/perf/capability - Performance/control parameters - Directional control - Not attained/maintained",,"390408","-953721","MAULE","M7-235B","AIR","KTOP","Topeka Philip Airport","false","1","REC","NSCH","PERS","091","Substantial","VMC",,"Completed",,"Final","https://data.ntsb.gov/Docket?ProjectID=106263","https://data.ntsb.gov/carol-repgen/api/Aviation/ReportMain/GenerateNewestReport/106263/pdf"
"CEN23LA012","ACC","106117","2022-10-12T15:12:00Z","Paola","Kansas","United States",,"N4171W","32-40250","false","Aviation","DirectorBrief","2024-03-20T04:00:00Z","2024-03-20T17:00:00Z","Minor","0","0","1","1",,"The pilot’s improper positioning of the fuel selector, which resulted in fuel starvation and a loss of engine power during a departure climb.","Aircraft - Aircraft systems - Fuel system - Fuel selector/shutoff valve - Incorrect use/operation, Aircraft - Aircraft systems - (general) - (general) - Inoperative",,"38.540641000000001","-94.920222999999993","PIPER","PA-32-300","AIR","K81","Miami County Airport","false","1","REC","NSCH","PERS","091","Substantial","VMC",,"Completed",,"Final","https://data.ntsb.gov/Docket?ProjectID=106117","https://data.ntsb.gov/carol-repgen/api/Aviation/ReportMain/GenerateNewestReport/106117/pdf"
"CEN22LA367","ACC","105688","2022-08-05T11:10:00Z","Benton","Kansas","United States",,"N97683","18267167","false","Aviation","DirectorBrief","2024-02-28T05:00:00Z","2024-02-28T18:00:00Z","None","0","0","0","0",,"The loss of engine power for undetermined reasons.","Aircraft - Aircraft power plant - Engine (reciprocating) - (general) - Unknown/Not determined",,"37.774554999999999","-97.113063999999994","CESSNA","182","AIR","1K1","LLOYD STEARMAN FLD","false","1","REC",,"PERS","091","Substantial","VMC",,"Completed",,"Final","https://data.ntsb.gov/Docket?ProjectID=105688","https://data.ntsb.gov/carol-repgen/api/Aviation/ReportMain/GenerateNewestReport/105688/pdf"
"ERA22FA320","ACC","105504","2022-07-18T10:00:00Z","Basehor","Kansas","United States",,"N6170","001","false","Aviation","DirectorBrief","2024-01-30T05:00:00Z","2024-01-30T18:00:00Z","Fatal","1","0","0","1",,"The pilot’s incorrect installation of the left-wing strut, which resulted in a loss of airplane control during takeoff and a subsequent aerodynamic stall and spin from which the pilot could not recover.","Aircraft - Aircraft structures - Wing structure - Attach fittings (on wing) - Incorrect service/maintenance, Personnel issues - Task performance - Maintenance - Repair - Owner/builder",,"39.110945999999998","-94.952585999999997","KNIGHT","AA Nieuport 28","AIR","SN22","HOELTING","true","1","REC",,"PERS","091","Destroyed","VMC",,"Completed",,"Final","https://data.ntsb.gov/Docket?ProjectID=105504","https://data.ntsb.gov/carol-repgen/api/Aviation/ReportMain/GenerateNewestReport/105504/pdf"
"WPR22FA254","ACC","105487","2022-07-16T11:53:00Z","Topeka","Kansas","United States",,"N283S","73041","false","Aviation","DirectorBrief","2024-01-04T05:00:00Z","2024-01-04T18:00:00Z","Fatal","1","0","0","1",,"The pilot’s failure to maintain aircraft control while performing an aerobatic maneuver on takeoff, which resulted in exceedance of the airplane’s critical angle of attack, a subsequent aerodynamic stall, and impact with terrain. Contributing to the accident was the pilot’s impairment from alcohol consumption before the flight.","Personnel issues - Physical - Impairment/incapacitation - Alcohol - Pilot, Personnel issues - Task performance - Use of equip/info - Aircraft control - Pilot, Aircraft - Aircraft oper/perf/capability - Performance/control parameters - Angle of attack - Not attained/maintained",,"39.146090000000001","-95.610380000000006","STUCKY STEVEN D","RV-7","AIR","33KS","BUENA TERRA","true","1","REC",,"PERS","091","Substantial","VMC","WAKE TURBULENCE CORP","Completed",,"Final","https://data.ntsb.gov/Docket?ProjectID=105487","https://data.ntsb.gov/carol-repgen/api/Aviation/ReportMain/GenerateNewestReport/105487/pdf"
"CEN22LA279","ACC","105339","2022-06-22T11:30:00Z","Yoder","Kansas","United States",,"N364BA","008706","false","Aviation","DirectorBrief","2022-09-08T04:00:00Z","2022-07-22T04:00:00Z","Serious","0","1","1","2","0","The pilot's encounter with sinking air conditions that resulted in a loss of lift and a subsequent loss of control.","Aircraft - Aircraft oper/perf/capability - Performance/control parameters - (general) - Not attained/maintained",,"37.939714000000002","-97.904685999999998","LET","L-23 SUPER BLANIK","GLI","SN76","Sunflower Aerodrome Gliderport","false","0",,,"INST","091","Substantial","VMC","CIVIL AIR PATROL INC","Completed",,"Final","https://data.ntsb.gov/Docket?ProjectID=105339","https://data.ntsb.gov/carol-repgen/api/Aviation/ReportMain/GenerateNewestReport/105339/pdf"
"CEN22LA244","ACC","105248","2022-06-08T22:30:00Z","Salina","Kansas","United States",,"N831KS","172S11107","false","Aviation","DirectorBrief","2022-09-01T04:00:00Z","2022-07-22T04:00:00Z","None","0","0","0","0",,"The pilot’s poor pitch control during an aborted takeoff which resulted in a hard landing.","Personnel issues - Task performance - Use of equip/info - Aircraft control - Pilot",,"38.790610999999998","-97.652221999999995","CESSNA","172S","AIR","SLN","Salina Regional Airport","false","1","REC",,"INST","091","Substantial","VMC","KANSAS STATE UNIVERSITY - SALINA","Completed",,"Final","https://data.ntsb.gov/Docket?ProjectID=105248","https://data.ntsb.gov/carol-repgen/api/Aviation/ReportMain/GenerateNewestReport/105248/pdf"
"CEN22LA201","ACC","105081","2022-05-13T16:00:00Z","Osawatomie","Kansas","United States",,"N202JC","0105","false","Aviation","DirectorBrief","2022-08-12T04:00:00Z","2022-07-27T19:00:00Z","Serious","0","1","1","2",,"The loss of engine power due to fuel exhaustion and the pilot’s failure to maintain control of the airplane during a forced landing which resulted in an aerodynamic stall.","Aircraft - Fluids/misc hardware - Fluids - Fuel - Fluid management, Aircraft - Fluids/misc hardware - Fluids - Fuel - Fluid level, Personnel issues - Task performance - Planning/preparation - Fuel planning - Flight crew",,"38.529907999999999","-95.020443999999998","QUICKSILVER AIRCRAFT CO","SPORT 2S","AIR",,,"false","1","REC","NSCH","PERS","091","Substantial","VMC",,"Completed",,"Final","https://data.ntsb.gov/Docket?ProjectID=105081","https://data.ntsb.gov/carol-repgen/api/Aviation/ReportMain/GenerateNewestReport/105081/pdf"
"CEN22LA185","ACC","105013","2022-04-28T11:40:00Z","Syracuse","Kansas","United States",,"N37888","204","false","Aviation","DirectorBrief","2023-09-14T04:00:00Z","2023-09-14T17:00:00Z","Fatal","1","0","0","1",,"The pilot’s exceedance of the airplane’s critical angle of attack, which resulted in an inadvertent aerodynamic stall while returning to the airport following a partial loss of engine power for reasons that could not be determined.","Personnel issues - Task performance - Use of equip/info - Aircraft control - Pilot, Aircraft - Aircraft oper/perf/capability - Performance/control parameters - Angle of attack - Capability exceeded",,"37.998579999999997","-101.74760000000001","SUPERIOR","CULVER LFA","AIR","3K3","Syracuse-Hamilton County Municipal Airport","false","1","REC",,"PERS","091","Destroyed","VMC",,"Completed",,"Final","https://data.ntsb.gov/Docket?ProjectID=105013","https://data.ntsb.gov/carol-repgen/api/Aviation/ReportMain/GenerateNewestReport/105013/pdf"
"CEN22LA181","ACC","104987","2022-04-20T20:15:00Z","Manhattan","Kansas","United States",,"N9263H","17266056","false","Aviation","DirectorBrief","2023-08-15T04:00:00Z","2023-08-15T17:00:00Z","Minor","0","0","1","1",,"The pilot’s failure to use carburetor heat during the approach and his unsuitable flight profile for an upsloping runway, which resulted in a partial loss of engine power and an impact with terrain during an attempted go-around.","Personnel issues - Action/decision - Info processing/decision - Decision making/judgment - Pilot, Personnel issues - Action/decision - Info processing/decision - Understanding/comprehension - Pilot, Environmental issues - Conditions/weather/phenomena - Temp/humidity/pressure - Conducive to carburetor icing - Effect on equipment, Environmental issues - Physical environment - Terrain - Sloped/uneven terrain - Contributed to outcome",,"39.016764000000002","-96.193701000000004","CESSNA","172M","AIR","43KS","Smith Airport","false","1","REC",,"PERS","091","Substantial","VMC","K S FLYING CLUB INC","Completed",,"Final","https://data.ntsb.gov/Docket?ProjectID=104987","https://data.ntsb.gov/carol-repgen/api/Aviation/ReportMain/GenerateNewestReport/104987/pdf"
"CEN22LA158","ACC","104852","2022-03-26T17:30:00Z","Garnett","Kansas","United States",,"N7087X","2829","false","Aviation","DirectorBrief","2022-07-05T04:00:00Z","2022-04-20T16:00:00Z","None","0","0","0","0",,"The pilot’s failure to maintain lateral control while hovering which resulted in a dynamic rollover.","Personnel issues - Task performance - Use of equip/info - Aircraft control - Pilot, Aircraft - Aircraft oper/perf/capability - Performance/control parameters - Lateral/bank control - Not attained/maintained",,"38.277306000000003","-95.215221999999997","ROBINSON HELICOPTER","R22 BETA","HELI","K68","Garnett Municipal Airport","false","1","REC",,"PERS","091","Substantial","VMC",,"Completed",,"Final","https://data.ntsb.gov/Docket?ProjectID=104852","https://data.ntsb.gov/carol-repgen/api/Aviation/ReportMain/GenerateNewestReport/104852/pdf"
"CEN22FA119","ACC","104632","2022-02-13T12:20:00Z","Olathe","Kansas","United States",,"N2445F","4697480","false","Aviation","DirectorBrief","2023-12-14T05:00:00Z","2023-12-14T18:00:00Z","Fatal","1","0","0","1",,"The unknown emergency that warranted a return to the airport and the airspeed decay which resulted in an aerodynamic stall.","Not determined - Not determined - (general) - (general) - Unknown/Not determined, Aircraft - Aircraft oper/perf/capability - Performance/control parameters - Airspeed - Unknown/Not determined, Aircraft - Aircraft oper/perf/capability - Performance/control parameters - Angle of attack - Capability exceeded",,"38.847597999999998","-94.737583999999998","PIPER AIRCRAFT INC","PA46-500TP","AIR","OJC","JOHNSON COUNTY EXEC","false","1","TP",,"PERS","091","Destroyed","VMC","Quadrant Investments 1, LLC","Completed",,"Final","https://data.ntsb.gov/Docket?ProjectID=104632","https://data.ntsb.gov/carol-repgen/api/Aviation/ReportMain/GenerateNewestReport/104632/pdf"
"CEN22LA115","ACC","104602","2022-02-04T14:00:00Z","Olathe","Kansas","United States",,"N5145W","28R-7837098","false","Aviation","DirectorBrief","2024-03-28T04:00:00Z","2024-03-28T17:00:00Z","None","0","0","0","0",,"The total loss of engine power for undetermined reasons.","Aircraft - Aircraft power plant - (general) - (general) - Unknown/Not determined",,"38.847597999999998","-94.737583999999998","PIPER","PA-28R-201","AIR","OJC",,"false","1","REC",,"PERS","091","Substantial","VMC",,"Completed",,"Final","https://data.ntsb.gov/Docket?ProjectID=104602","https://data.ntsb.gov/carol-repgen/api/Aviation/ReportMain/GenerateNewestReport/104602/pdf"
"CEN22LA079","ACC","104418","2021-12-13T16:15:00Z","Ellinwood","Kansas","United States",,"N1616K","4343","false","Aviation","DirectorBrief","2022-06-09T04:00:00Z","2022-01-27T05:00:00Z","None","0","0","0","0",,"The pilot's improper brake application during the landing roll, which resulted in a nose-over.","Personnel issues - Task performance - Use of equip/info - Aircraft control - Pilot, Aircraft - Aircraft systems - Landing gear system - Brake - Incorrect use/operation",,"38.373266000000001","-98.598873999999995","LUSCOMBE","8A","AIR","1K6","ELLINWOOD MUNI","false","1","REC",,"PERS","091","Substantial","VMC",,"Completed",,"Final","https://data.ntsb.gov/Docket?ProjectID=104418","https://data.ntsb.gov/carol-repgen/api/Aviation/ReportMain/GenerateNewestReport/104418/pdf"
"CEN21LA448","ACC","103952","2021-09-18T14:00:00Z","Topeka","Kansas","United States",,"N140R","22834","false","Aviation","DirectorBrief","2022-03-25T04:00:00Z","2021-11-04T19:00:00Z","None","0","0","0","0",,"The loss of control and ground loop due to the mechanical malfunction of the tailwheel lock.","Personnel issues - Task performance - Use of equip/info - Aircraft control - Pilot, Aircraft - Aircraft oper/perf/capability - Performance/control parameters - Directional control - Not attained/maintained, Personnel issues - Psychological - Attention/monitoring - Task monitoring/vigilance - Pilot",,"39.067103000000003","-95.616980999999996","CESSNA","305A","AIR","TOP","PHILIP BILLARD MUNI","false","1","REC",,"PERS","091","Substantial","VMC",,"Completed",,"Final","https://data.ntsb.gov/Docket?ProjectID=103952","https://data.ntsb.gov/carol-repgen/api/Aviation/ReportMain/GenerateNewestReport/103952/pdf"
"CEN21LA372","ACC","103715","2021-08-15T17:30:00Z","Augusta","Kansas","United States",,"N56179","74","false","Aviation","DirectorBrief","2023-06-08T04:00:00Z","2023-06-08T17:00:00Z","Serious","0","1","0","1","0","A partial loss of engine power for reasons that could not determined based on available information.","Not determined - Not determined - (general) - (general) - Unknown/Not determined",,"37.740927999999997","-96.984266000000005","Flying K Enterprises","Sky Raider","AIR","N/A","N/A","true","1","REC","NSCH","PERS","091","Substantial","VMC",,"Completed",,"Final","https://data.ntsb.gov/Docket?ProjectID=103715","https://data.ntsb.gov/carol-repgen/api/Aviation/ReportMain/GenerateNewestReport/103715/pdf"
"CEN21LA362","ACC","103654","2021-08-06T09:48:00Z","Topeka","Kansas","United States",,"N502CP","502B2632","false","Aviation","DirectorBrief","2021-10-19T04:00:00Z","2021-09-15T18:00:00Z","None","0","0","0","0",,"The pilot’s decision to continue low-level aerial application flight maneuvers after the low fuel warning light illuminated, which resulted in a partial loss of engine power due to fuel exhaustion.","Aircraft - Fluids/misc hardware - Fluids - Fuel - Fluid management, Personnel issues - Task performance - Use of equip/info - Use of equip/system - Pilot, Aircraft - Aircraft systems - Fuel system - (general) - Incorrect use/operation, Personnel issues - Action/decision - Info processing/decision - Decision making/judgment - Pilot",,"39.216971999999998","-95.761189999999999","AIR TRACTOR INC","AT-502B","AIR",,,"false","1","TP",,"AAPL","137","Substantial","VMC","McElwain Sprayers, LLC","Completed",,"Final","https://data.ntsb.gov/Docket?ProjectID=103654","https://data.ntsb.gov/carol-repgen/api/Aviation/ReportMain/GenerateNewestReport/103654/pdf"
"CEN21LA302","ACC","103403","2021-07-01T20:08:00Z","Wichita","Kansas","United States",,"N10HK","6007158061222","false","Aviation","DirectorBrief","2022-11-01T04:00:00Z","2022-10-13T04:00:00Z","Minor","0","0","1","1",,"The pilot’s improper fuel planning and management, which resulted in a total loss of engine power due to fuel exhaustion.","Personnel issues - Task performance - Use of equip/info - Use of equip/system - Pilot, Personnel issues - Psychological - Attention/monitoring - Monitoring equip/instruments - Pilot, Aircraft - Fluids/misc hardware - Fluids - Fuel - Fluid management, Aircraft - Fluids/misc hardware - Fluids - Fuel - Fluid level",,"37.819516","-97.226231999999996","PIPER","AEROSTAR 600A","AIR",,,"false","2","REC",,"PERS","091","Substantial","VMC",,"Completed",,"Final","https://data.ntsb.gov/Docket?ProjectID=103403","https://data.ntsb.gov/carol-repgen/api/Aviation/ReportMain/GenerateNewestReport/103403/pdf"
"CEN21LA286","ACC","103313","2021-06-21T17:15:00Z","Leoti","Kansas","United States",,"N4328P","T41-154DC","false","Aviation","DirectorBrief","2022-10-13T04:00:00Z","2022-09-30T04:00:00Z","Minor","0","0","1","1",,"The pilot’s loss of visibility in the cockpit due to foam created by the chemicals loaded in the hopper, which resulted in his inability to maintain airplane control during low-level flight and an impact with terrain. Contributing to the accident was the combining of chemicals known to produce foam and the pilot’s failure to perform a jar test before flight as recommended.","Personnel issues - Task performance - Use of equip/info - Aircraft control - Pilot, Aircraft - Fluids/misc hardware - Fluids - (general) - Fluid condition, Personnel issues - Physical - Sensory ability/limitation - Visual function - Pilot, Aircraft - Aircraft oper/perf/capability - Performance/control parameters - Altitude - Attain/maintain not possible",,"38.471722","-101.35047","AYRES CORPORATION","S2R-T34","AIR",,,"false","1","TP",,"AAPL","137","Substantial","VMC","AG SOLUTIONS LLC","Completed",,"Final","https://data.ntsb.gov/Docket?ProjectID=103313","https://data.ntsb.gov/carol-repgen/api/Aviation/ReportMain/GenerateNewestReport/103313/pdf"
"CEN21LA274","ACC","103280","2021-06-16T20:05:00Z","Goodland","Kansas","United States",,"N62069","62-3866","false","Aviation","DirectorBrief","2022-09-14T04:00:00Z","2022-08-25T04:00:00Z","Minor","0","0","1","1",,"Maintenance personnel’s inadequate inspection of the airplane, which failed to detect and correct chafed electrical wiring and a degraded fuel bladder with holes, which resulted in ignition of fuel vapor and a right wing explosion.","Personnel issues - Task performance - Inspection - Scheduled/routine inspection - Maintenance personnel, Organizational issues - Management - Policy/procedure - Adequacy of policy/proc - Maintenance provider, Aircraft - Aircraft systems - Fuel system - Fuel sys wiring - Inadequate inspection",,"39.370626999999999","-101.69898000000001","BEECH","U-8F","AIR","GLD","RENNER FLD /GOODLAND MUNI/","false","2","REC","NSCH","BUS","135","Substantial","VMC","BEMIDJI AVIATION SERVICES INC","Completed",,"Final","https://data.ntsb.gov/Docket?ProjectID=103280","https://data.ntsb.gov/carol-repgen/api/Aviation/ReportMain/GenerateNewestReport/103280/pdf"
"CEN21LA225","ACC","103107","2021-05-18T15:30:00Z","Ulysses","Kansas","United States",,"N176SJ","70-15556","false","Aviation","DirectorBrief","2022-12-06T05:00:00Z","2022-11-07T05:00:00Z","Fatal","1","0","0","1","0","The pilot’s failure to maintain clearance from  a power line during the aerial application flight, which resulted in collision with the power line and subsequent impact with terrain.","Environmental issues - Physical environment - Object/animal/substance - Wire - Effect on equipment, Personnel issues - Action/decision - Info processing/decision - Identification/recognition - Pilot",,"37.565617000000003","-101.37033","BELL","OH58A","HELI","n/a",,"false","1","TS",,"AAPL","137","Destroyed","VMC","TRI-ROTOR CROP SERVICES LLC","Completed",,"Final","https://data.ntsb.gov/Docket?ProjectID=103107","https://data.ntsb.gov/carol-repgen/api/Aviation/ReportMain/GenerateNewestReport/103107/pdf"
"CEN21LA208","ACC","103030","2021-05-01T10:25:00Z","Hutchinson","Kansas","United States",,"N2378Z","M-102","false","Aviation","DirectorBrief","2022-07-20T04:00:00Z","2022-06-13T19:00:00Z","Minor","0","0","2","2",,"The pilot’s failure to abort the takeoff and his high pitch attitude after takeoff, which resulted in an exceedance of the critical angle of attack and a subsequent aerodynamic stall.","Aircraft - Aircraft oper/perf/capability - Performance/control parameters - Climb rate - Not attained/maintained, Personnel issues - Action/decision - Action - Lack of action - Pilot, Personnel issues - Task performance - Use of equip/info - Aircraft control - Pilot",,"38.066155000000002","-97.860489999999999","BEECH","23","AIR","HUT","Hutchinson Regional Airport","false","1","REC","NSCH","PERS","091","Substantial","VMC","Pilot","Completed",,"Final","https://data.ntsb.gov/Docket?ProjectID=103030","https://data.ntsb.gov/carol-repgen/api/Aviation/ReportMain/GenerateNewestReport/103030/pdf"
"CEN21LA187","ACC","102902","2021-04-09T11:12:00Z","LeRoy","Kansas","United States",,"N421PB","1403","false","Aviation","DirectorBrief","2023-08-16T04:00:00Z","2023-08-16T17:00:00Z","None","0","0","0","0",,"The contamination of the fuel injection manifold filter due to improper maintenance, resulting in a partial loss of engine power during cruise flight. Contributing to the accident was the pilot’s delayed autorotation, which resulted in insufficient main rotor speed and an excessive descent rate at touchdown.","Aircraft - Aircraft power plant - Engine fuel and control - Fuel divider - Damaged/degraded, Aircraft - Aircraft power plant - Engine fuel and control - Fuel divider - Incorrect service/maintenance, Personnel issues - Task performance - Maintenance - Scheduled/routine maintenance - Maintenance personnel, Aircraft - Aircraft oper/perf/capability - Performance/control parameters - Engine out control - Incorrect use/operation, Personnel issues - Action/decision - Action - Delayed action - Pilot, Aircraft - Aircraft oper/perf/capability - Performance/control parameters - Prop/rotor parameters - Not attained/maintained",,"38.095954999999996","-95.634504000000007","EUROCOPTER","EC120","HELI",,,"false","1","TS",,"PERS","091","Substantial","VMC","Black Wolf Air, LLC","Completed",,"Final","https://data.ntsb.gov/Docket?ProjectID=102902","https://data.ntsb.gov/carol-repgen/api/Aviation/ReportMain/GenerateNewestReport/102902/pdf"
"CEN21LA184","ACC","102879","2021-04-05T18:00:00Z","Johnson","Kansas","United States",,"N8348X","0332","false","Aviation","DirectorBrief","2022-09-14T04:00:00Z","2022-08-30T19:00:00Z","None","0","0","0","0","0","The pilot's inadequate pedal application during a transition to hover, which resulted in a loss of yaw control and a subsequent impact with terrain.","Personnel issues - Task performance - Use of equip/info - Aircraft control - Pilot, Aircraft - Aircraft oper/perf/capability - Performance/control parameters - Yaw control - Not attained/maintained",,"37.667166999999999","-101.988","ROBINSON HELICOPTER","R44","HELI","n/a",,"false","1","REC",,"PERS","091","Substantial","VMC","SEGER ROBERT E","Completed",,"Final","https://data.ntsb.gov/Docket?ProjectID=102879","https://data.ntsb.gov/carol-repgen/api/Aviation/ReportMain/GenerateNewestReport/102879/pdf"
"CEN21LA175","ACC","102857","2021-04-01T17:00:00Z","Augusta","Kansas","United States",,"N7274F","28-7725088","false","Aviation","DirectorBrief","2022-08-16T04:00:00Z","2022-07-27T04:00:00Z","None","0","0","0","0",,"Inadequate maintenance at the time the carburetor was replaced, which resulted in the improperly installed throttle cable and a partial loss of engine power.  Contributing to the accident was an inadequate annual inspection that failed to detect the improper throttle cable installation.","Aircraft - Aircraft power plant - Engine fuel and control - Fuel control/carburetor - Incorrect service/maintenance, Personnel issues - Task performance - Maintenance - Replacement - Maintenance personnel, Personnel issues - Task performance - Inspection - Scheduled/routine inspection - Maintenance personnel, Aircraft - Aircraft power plant - Engine fuel and control - Fuel control/carburetor - Inadequate inspection",,"37.655880000000003","-97.059899999999999","PIPER","PA-28-140","AIR","3AU","Augusta Muni","false","1","REC","NSCH","PERS","091","Substantial","VMC","Pray Aviation","Completed",,"Final","https://data.ntsb.gov/Docket?ProjectID=102857","https://data.ntsb.gov/carol-repgen/api/Aviation/ReportMain/GenerateNewestReport/102857/pdf"
"CEN21LA165","ACC","102806","2021-03-25T13:30:00Z","Lake City","Kansas","United States",,"N41AJ","480299D","false","Aviation","DirectorBrief","2021-09-20T04:00:00Z","2021-08-27T18:00:00Z","None","0","0","0","0",,"The pilot’s failure to maintain clearance from power lines during power line maintenance.","Personnel issues - Psychological - Attention/monitoring - Monitoring environment - Pilot, Aircraft - Aircraft oper/perf/capability - Performance/control parameters - Altitude - Not attained/maintained",,"37.362358","-98.812263000000002","HUGHES","369D","HELI","N/A",,"false","1","TS","NSCH","EXLD","133","Substantial","VMC","English Air Service LLC","Completed",,"Final","https://data.ntsb.gov/Docket?ProjectID=102806","https://data.ntsb.gov/carol-repgen/api/Aviation/ReportMain/GenerateNewestReport/102806/pdf"
"CEN21LA174","ACC","102856","2021-03-10T04:30:00Z","Colby","Kansas","United States",,"N568P","TC-2162","false","Aviation","DirectorBrief","2022-09-14T04:00:00Z","2022-08-24T04:00:00Z","Minor","0","0","1","1",,"The pilot’s failure to remove the towbar from the nose landing gear before takeoff, which resulted in a sustained adverse yaw condition, and his failure to adequately monitor the fuel system while circling the airport, which resulted in fuel starvation and loss of power to the right engine.","Aircraft - Fluids/misc hardware - Fluids - Fuel - Fluid management, Personnel issues - Task performance - Inspection - Preflight inspection - Pilot, Personnel issues - Task performance - Use of equip/info - Use of equip/system - Pilot",,"39.427669000000002","-101.04859","BEECH","95-B55 (T42A)","AIR","CBK",,"false","2","REC",,"PERS","091","Substantial","VMC",,"Completed",,"Final","https://data.ntsb.gov/Docket?ProjectID=102856","https://data.ntsb.gov/carol-repgen/api/Aviation/ReportMain/GenerateNewestReport/102856/pdf"
"CEN21LA129","ACC","102635","2021-02-05T14:00:00Z","Larned","Kansas","United States",,"N115FP","42552","false","Aviation","DirectorBrief","2023-02-07T05:00:00Z","2023-02-07T19:00:00Z","None","0","0","0","0",,"The pilot’s failure to allow sufficient time for the brakes to cool after a previous aborted takeoff, resulting in a runway excursion during a second aborted takeoff due to degraded braking performance. Contributing to the accident was the contact of the hot brakes with a dry grassy area during the second aborted takeoff.","Aircraft - Aircraft systems - Landing gear system - Brake - Damaged/degraded, Personnel issues - Task performance - Use of equip/info - Use of equip/system - Pilot",,"38.180599999999998","-99.098699999999994","COLUMBIA AIRCRAFT MFG","LC42-550FG","AIR","LQR","Pawnee County Airport","false","1","REC",,"PERS","091","Substantial","VMC",,"Completed",,"Final","https://data.ntsb.gov/Docket?ProjectID=102635","https://data.ntsb.gov/carol-repgen/api/Aviation/ReportMain/GenerateNewestReport/102635/pdf"
"CEN21LA069","ACC","102350","2020-11-28T15:16:00Z","Ottawa","Kansas","United States",,"N3318K","1311","false","Aviation","DirectorBrief","2021-09-20T04:00:00Z","2021-08-19T04:00:00Z","Minor","0","0","1","1",,"The student pilot’s failure to maintain attain proper pitch attitude of the airplane causing it to exceed its critical angle of attack, enter an aerodynamic stall, and subsequently impact terrain, and his poor decision making and lack of experience that led him to attempt the takeoff from the road.","Personnel issues - Experience/knowledge - Experience/qualifications - Qualification/certification - Pilot, Personnel issues - Action/decision - Action - Incorrect action selection - Pilot, Personnel issues - Task performance - Use of equip/info - Aircraft control - Student/instructed pilot, Aircraft - Aircraft oper/perf/capability - Performance/control parameters - Pitch control - Not attained/maintained",,"38.549767000000003","-95.249128999999996","GLOBE","GC1A","AIR",,,"false",,"REC",,"PERS","091","Substantial","VMC",,"Completed",,"Final","https://data.ntsb.gov/Docket?ProjectID=102350","https://data.ntsb.gov/carol-repgen/api/Aviation/ReportMain/GenerateNewestReport/102350/pdf"
"CEN21LA066","ACC","102336","2020-11-20T16:50:00Z","Lawrence","Kansas","United States",,"N99HV","172S10090","false","Aviation","DirectorBrief","2022-07-07T04:00:00Z","2021-12-10T20:00:00Z","None","0","0","0","0",,"The student pilot’s improper landing flare/touchdown which resulted in a hard landing.","Personnel issues - Task performance - Use of equip/info - Aircraft control - Student/instructed pilot, Aircraft - Aircraft oper/perf/capability - Performance/control parameters - Landing flare - Incorrect use/operation",,"39.009273","-95.212902","CESSNA","172","AIR","LWC","Lawrence Municipal","false",,"REC",,"INST","091","Substantial","VMC","Aerohawk LLC","Completed",,"Final","https://data.ntsb.gov/Docket?ProjectID=102336","https://data.ntsb.gov/carol-repgen/api/Aviation/ReportMain/GenerateNewestReport/102336/pdf"
"CEN21LA062","ACC","102302","2020-11-17T16:35:00Z","Johnson City","Kansas","United States",,"N2376N","12625","false","Aviation","DirectorBrief","2021-08-20T04:00:00Z","2021-08-17T04:00:00Z","None","0","0","0","0",,"The pilot’s improper decision to fly the airplane at too low an altitude resulting in the airplane impacting terrain.","Personnel issues - Action/decision - Info processing/decision - Decision making/judgment - Pilot, Aircraft - Aircraft oper/perf/capability - Performance/control parameters - Altitude - Incorrect use/operation",,"37.579721999999997","-101.59972","CESSNA","120","AIR",,,"false","1","REC",,"PERS","091","Substantial","VMC",,"Completed",,"Final","https://data.ntsb.gov/Docket?ProjectID=102302","https://data.ntsb.gov/carol-repgen/api/Aviation/ReportMain/GenerateNewestReport/102302/pdf"
"ANC21LA004","ACC","102233","2020-11-03T15:41:00Z","Whitewater","Kansas","United States",,"N455WM","M00834","false","Aviation","DirectorBrief","2022-08-31T04:00:00Z","2022-08-24T11:00:00Z","Fatal","2","0","0","2",,"A loss of control for reasons that could not be determined based on the available evidence.","Not determined - Not determined - (general) - (general) - Unknown/Not determined",,"37.934334","-97.069492999999994","AutoGyro","MTO Sport","GYRO","29KS","Mcmaster Gliderport","true","1","REC",,"PERS","091","Destroyed","VMC",,"Completed",,"Final","https://data.ntsb.gov/Docket?ProjectID=102233","https://data.ntsb.gov/carol-repgen/api/Aviation/ReportMain/GenerateNewestReport/102233/pdf"
"CEN21LA029","ACC","102194","2020-10-24T18:30:00Z","Geuda Springs","Kansas","United States",,"N5910A","28510","false","Aviation","DirectorBrief","2021-08-20T04:00:00Z","2021-08-04T18:00:00Z","None","0","0","0","0",,"The pilot’s failure to determine the airplane’s takeoff performance from an off-airport field which resulted in an aborted takeoff and impact with a fence and terrain. Contributing to the accident was the delayed aborted takeoff.","Personnel issues - Task performance - Planning/preparation - Performance calculations - Pilot, Aircraft - Aircraft oper/perf/capability - Aircraft capability - Takeoff distance - Attain/maintain not possible, Personnel issues - Action/decision - Action - Delayed action - Pilot",,"37.110844999999998","-97.150024000000002","CESSNA","172","AIR","NONE","McClaskey","false","1","REC",,"PERS","091","Substantial","VMC",,"Completed",,"Final","https://data.ntsb.gov/Docket?ProjectID=102194","https://data.ntsb.gov/carol-repgen/api/Aviation/ReportMain/GenerateNewestReport/102194/pdf"
"CEN20CA356","ACC","101842","2020-08-19T19:16:00Z","Olathe","Kansas","United States",,"N386X","7029C","false","Aviation","DirectorBrief","2021-02-02T05:00:00Z","2020-10-09T18:31:44Z","None","0","0","0","0","0","The pilot's loss of directional control during landing.","Personnel issues - Task performance - Use of equip/info - Aircraft control - Pilot, Aircraft - Aircraft oper/perf/capability - Performance/control parameters - Directional control - Not attained/maintained",,"38.847220999999998","-94.737776999999994","Maule","M5","AIR","OJC","Johnson County Executive","false","1","REC",,"PERS","091","Substantial","VMC",,"Completed",,"Final","https://data.ntsb.gov/Docket?ProjectID=101842","https://data.ntsb.gov/carol-repgen/api/Aviation/ReportMain/GenerateNewestReport/101842/pdf"
"CEN20CA334","ACC","101782","2020-08-05T18:45:00Z","Delia","Kansas","United States",,"N104SU","670151D","false","Aviation","DirectorBrief","2021-08-26T04:00:00Z","2021-07-29T18:00:00Z","None","0","0","0","0",,"Foreign object damage sustained to the main rotor blades due to aerial tree trimming.","Aircraft - Aircraft propeller/rotor - Main rotor system - Main rotor blade system - Damaged/degraded, Environmental issues - Physical environment - Object/animal/substance - Debris/dirt/foreign object - Effect on equipment",,"39.259998000000003","-95.988608999999997","HUGHES","369","HELI",,,"false","1","TS",,"EXLD","133","Substantial","VMC","Signature Utility","Completed",,"Final","https://data.ntsb.gov/Docket?ProjectID=101782","https://data.ntsb.gov/carol-repgen/api/Aviation/ReportMain/GenerateNewestReport/101782/pdf"
"CEN20LA267","ACC","101553","2020-07-06T08:55:00Z","Mankato","Kansas","United States",,"N900WH","D99912SOHK0334","false","Aviation","DirectorBrief","2022-10-12T04:00:00Z","2022-08-24T04:00:00Z","Serious","0","1","0","1",,"A total loss of engine power for reasons that could not be determined based on available information.","Aircraft - Aircraft power plant - Engine (reciprocating) - (general) - Unknown/Not determined",,"39.802667","-98.219595999999996","TITAN","TORNADO","AIR","TKO","Mankato","true","1","REC",,"PERS","091","Substantial","VMC",,"Completed",,"Final","https://data.ntsb.gov/Docket?ProjectID=101553","https://data.ntsb.gov/carol-repgen/api/Aviation/ReportMain/GenerateNewestReport/101553/pdf"
"CEN20CA221","ACC","101410","2020-06-08T16:25:00Z","Hiawatha","Kansas","United States",,"N5092J","502B-0438","false","Aviation","DirectorBrief","2021-02-02T05:00:00Z","2020-07-09T04:20:00Z","None","0","0","0","0","0","The pilot’s decision to attempt the takeoff with a tailwind in high density altitude conditions.","Environmental issues - Conditions/weather/phenomena - Wind - Tailwind - Effect on operation, Aircraft - Aircraft oper/perf/capability - Performance/control parameters - Altitude - Not attained/maintained, Personnel issues - Action/decision - Info processing/decision - Decision making/judgment - Pilot, Environmental issues - Conditions/weather/phenomena - Temp/humidity/pressure - High density altitude - Effect on operation",,"39.882499000000003","-95.518332999999998","Air Tractor","AT502","AIR","K87","Hiawatha Municipal Airport","false","1","TP",,"AAPL","137","Substantial","VMC","MCELWAIN, FLOYD W","Completed",,"Final","https://data.ntsb.gov/Docket?ProjectID=101410","https://data.ntsb.gov/carol-repgen/api/Aviation/ReportMain/GenerateNewestReport/101410/pdf"
"CEN20LA122","ACC","101080","2020-03-17T10:19:00Z","LaCrosse","Kansas","United States",,"N274PM","208B0705","false","Aviation","DirectorBrief","2022-04-18T04:00:00Z","2022-04-06T16:00:00Z","Fatal","1","0","0","1",,"An infight loss of control as a result of pilot impairment, the cause of which could not be determined.","Personnel issues - Physical - Impairment/incapacitation - (general) - Pilot, Aircraft - Aircraft oper/perf/capability - Performance/control parameters - (general) - Not attained/maintained",,"38.539999999999999","-99.459998999999996","Cessna","208","AIR",,,"false","1","TP","NSCH",,"135","Destroyed","IMC","Planemasters Ltd","Completed",,"Final","https://data.ntsb.gov/Docket?ProjectID=101080","https://data.ntsb.gov/carol-repgen/api/Aviation/ReportMain/GenerateNewestReport/101080/pdf"
"CEN20TA088","ACC","100955","2020-02-16T17:02:00Z","Valley Center","Kansas","United States",,"N170RH","18030","false","Aviation","DirectorBrief","2021-05-05T04:00:00Z","2020-04-02T03:42:00Z","Minor","0","0","1","1","0","The pilot's delayed decision to abort the takeoff when the airplane passed the point where he had anticipated the liftoff would occur.","Personnel issues - Action/decision - Info processing/decision - Decision making/judgment - Pilot, Personnel issues - Action/decision - Action - Delayed action - Pilot, Aircraft - Aircraft oper/perf/capability - Aircraft capability - Takeoff distance - Not attained/maintained",,"37.842776999999998","-97.351387000000003","Cessna","170","AIR","3KS5","HIGH POINT","false","1","REC",,"PERS","091","Substantial","VMC",,"Completed",,"Final","https://data.ntsb.gov/Docket?ProjectID=100955","https://data.ntsb.gov/carol-repgen/api/Aviation/ReportMain/GenerateNewestReport/100955/pdf"

